{
  "hardware_params": {
    "R_membrane_ohm": 100000.0,
    "C_membrane_F": 1e-07,
    "tau_m_ms": 10.0,
    "beta": 0.90484,
    "V_thresh": 2.5,
    "dt_ms": 1.0
  },
  "fc1_resistors_kohm": [
    [
      18.433744430541992,
      17.47287940979004,
      181.81817626953125
    ],
    [
      13.949772834777832,
      181.81817626953125,
      30.147842407226562
    ],
    [
      21.878217697143555,
      47.68081283569336,
      26.214487075805664
    ],
    [
      43.93873596191406,
      15.649813652038574,
      30.35444450378418
    ],
    [
      10.0,
      16.907470703125,
      12.296000480651855
    ],
    [
      52.31386184692383,
      16.62626075744629,
      29.898822784423828
    ],
    [
      44.88466262817383,
      29.801668167114258,
      56.35417175292969
    ],
    [
      44.35841369628906,
      28.517799377441406,
      40.010215759277344
    ]
  ],
  "fc1_polarity": [
    [
      1.0,
      1.0,
      -1.0
    ],
    [
      1.0,
      1.0,
      1.0
    ],
    [
      -1.0,
      1.0,
      1.0
    ],
    [
      -1.0,
      1.0,
      1.0
    ],
    [
      1.0,
      1.0,
      1.0
    ],
    [
      1.0,
      1.0,
      1.0
    ],
    [
      -1.0,
      1.0,
      -1.0
    ],
    [
      -1.0,
      -1.0,
      1.0
    ]
  ],
  "fc2_resistors_kohm": [
    [
      41.44575881958008,
      35.421791076660156,
      62.801570892333984,
      21.669509887695312,
      10.0,
      12.233782768249512,
      18.148574829101562,
      32.597862243652344
    ],
    [
      16.015642166137695,
      25.888765335083008,
      154.4466552734375,
      16.90449333190918,
      28.561885833740234,
      15.52879810333252,
      20.917112350463867,
      101.21916961669922
    ]
  ],
  "fc2_polarity": [
    [
      -1.0,
      1.0,
      1.0,
      -1.0,
      1.0,
      -1.0,
      1.0,
      -1.0
    ],
    [
      1.0,
      1.0,
      1.0,
      1.0,
      1.0,
      1.0,
      1.0,
      -1.0
    ]
  ],
  "final_test_acc": 0.76
}